fold,noise_type,snr_db,n_pairs,sg_eer,sg_min_dcf,sg_threshold,cg_far,overall_eer,overall_min_dcf,overall_threshold
0,clean,,5980,0.0,0.0,0.3646010160446167,0.0,0.0,0.0,0.3646010160446167
0,cafeteria,-10,5980,0.0484924241900444,0.38749998807907104,0.18063129484653473,0.02199999988079071,0.040601758286356926,0.3621231019496918,0.16955623030662537
0,cafeteria,-5,5980,0.016080808825790882,0.14900000393390656,0.23080644011497498,0.0024999999441206455,0.013032663613557816,0.12387436628341675,0.21848028898239136
0,cafeteria,0,5980,0.0040202022064477205,0.025499999523162842,0.29872727394104004,0.0005000000237487257,0.0028819096041843295,0.025499999523162842,0.29231372475624084
0,cafeteria,5,5980,0.0015075757401064038,0.0044999998062849045,0.3544098734855652,0.0,0.0013781407033093274,0.0044999998062849045,0.3488262891769409
0,cafeteria,10,5980,0.0005025252758059651,0.0005000000237487257,0.33703115582466125,0.0,0.0005012562905903906,0.0005000000237487257,0.32583045959472656
0,metro,-10,5980,0.031909091398119926,0.27000001072883606,0.20291760563850403,0.014499999582767487,0.028445979580283165,0.24487437307834625,0.19124829769134521
0,metro,-5,5980,0.016080808825790882,0.08749999850988388,0.2467457503080368,0.0010000000474974513,0.012405779212713242,0.08749999850988388,0.23033639788627625
0,metro,0,5980,0.00452272710390389,0.019500000402331352,0.29883527755737305,0.0,0.0033831659238785505,0.019500000402331352,0.28924182057380676
0,metro,5,5980,0.0020101011032238603,0.004000000189989805,0.34297725558280945,0.0,0.0015037688426673412,0.004000000189989805,0.3244069814682007
0,metro,10,5980,0.0015075757401064038,0.0024999999441206455,0.3519948124885559,0.0,0.0010025125811807811,0.0024999999441206455,0.33133944869041443
0,office,-10,5980,0.00854292931035161,0.09650000184774399,0.24937091767787933,0.001500000013038516,0.006891959812492132,0.09650000184774399,0.2404216229915619
0,office,-5,5980,0.005025252467021346,0.03449999913573265,0.28493115305900574,0.0010000000474974513,0.0040100503247231245,0.03449999913573265,0.26532861590385437
0,office,0,5980,0.0020101011032238603,0.009499999694526196,0.3409728407859802,0.0,0.0013781407033093274,0.009499999694526196,0.3235406279563904
0,office,5,5980,0.0010050505516119301,0.0010000000474974513,0.3447108566761017,0.0,0.0005012562905903906,0.0010000000474974513,0.32131269574165344
0,office,10,5980,0.0,0.0,0.34913015365600586,0.0,0.0,0.0,0.34913015365600586
0,park,-10,5980,0.023116162046790123,0.22350001335144043,0.21683305501937866,0.008500000461935997,0.020425879396498203,0.19799748063087463,0.20365941524505615
0,park,-5,5980,0.01206060592085123,0.05649999901652336,0.25390884280204773,0.0020000000949949026,0.010025125462561846,0.05649999901652336,0.2419217824935913
0,park,0,5980,0.003517676843330264,0.06350000202655792,0.2959975600242615,0.001500000013038516,0.0030075376853346825,0.039874374866485596,0.28673216700553894
0,park,5,5980,0.0015075757401064038,0.0044999998062849045,0.35544392466545105,0.0005000000237487257,0.0010025125811807811,0.0044999998062849045,0.3472481369972229
0,park,10,5980,0.0005025252758059651,0.003000000026077032,0.3439100384712219,0.0,0.0005012562905903906,0.003000000026077032,0.3285680413246155
0,traffic,-10,5980,0.01708585862070322,0.15299999713897705,0.2430001199245453,0.0010000000474974513,0.011528894305229187,0.12787435948848724,0.22230620682239532
0,traffic,-5,5980,0.006030302960425615,0.07100000977516174,0.30790457129478455,0.0,0.0035087940050289035,0.045874372124671936,0.30101221799850464
0,traffic,0,5980,0.003517676843330264,0.01850000023841858,0.33082863688468933,0.0,0.0020050251623615623,0.01850000023841858,0.3195076882839203
0,traffic,5,5980,0.0010050505516119301,0.0020000000949949026,0.3320469856262207,0.0,0.0005012562905903906,0.0020000000949949026,0.32683101296424866
0,traffic,10,5980,0.0010050505516119301,0.001500000013038516,0.3508717715740204,0.0,0.0005012562905903906,0.001500000013038516,0.3317669630050659
1,clean,,5980,0.0,0.0,0.35334479808807373,0.0,0.0,0.0,0.35334479808807373
1,cafeteria,-10,5980,0.028893939219415188,0.23149999976158142,0.20728960633277893,0.0044999998062849045,0.024561557918787003,0.23149999976158142,0.1920674443244934
1,cafeteria,-5,5980,0.011055555660277605,0.10249999910593033,0.23081707954406738,0.0024999999441206455,0.008521357085555792,0.09287437796592712,0.2196500301361084
1,cafeteria,0,5980,0.0010050505516119301,0.00800000037997961,0.28017571568489075,0.0005000000237487257,0.0010025125811807811,0.00800000037997961,0.27001166343688965
1,cafeteria,5,5980,0.0015075757401064038,0.001500000013038516,0.3228718340396881,0.0,0.0008768844418227673,0.001500000013038516,0.31333619356155396
1,cafeteria,10,5980,0.0005025252758059651,0.001500000013038516,0.3508251905441284,0.0,0.0003756281512323767,0.001500000013038516,0.3508251905441284
1,metro,-10,5980,0.020603535696864128,0.13500000536441803,0.21677328646183014,0.004999999888241291,0.018045226112008095,0.13500000536441803,0.20095844566822052
1,metro,-5,5980,0.006030302960425615,0.07800000160932541,0.2510811686515808,0.001500000013038516,0.005012562731280923,0.0528743751347065,0.24102766811847687
1,metro,0,5980,0.003517676843330264,0.029999999329447746,0.2716039717197418,0.0,0.0028819096041843295,0.029999999329447746,0.25380170345306396
1,metro,5,5980,0.0005025252758059651,0.0005000000237487257,0.3174748122692108,0.0,0.0005012562905903906,0.0005000000237487257,0.30205538868904114
1,metro,10,5980,0.0005025252758059651,0.001500000013038516,0.3690316379070282,0.0,0.0003756281512323767,0.001500000013038516,0.3690316379070282
1,office,-10,5980,0.0040202022064477205,0.017000000923871994,0.27199649810791016,0.0005000000237487257,0.0030075376853346825,0.017000000923871994,0.2602073848247528
1,office,-5,5980,0.0015075757401064038,0.0035000001080334187,0.2901747524738312,0.0005000000237487257,0.0015037688426673412,0.0035000001080334187,0.2692485749721527
1,office,0,5980,0.0005025252758059651,0.005499999970197678,0.31612443923950195,0.0,0.0005012562905903906,0.005499999970197678,0.3051806092262268
1,office,5,5980,0.0,0.0,0.31630581617355347,0.0,0.0,0.0,0.31630581617355347
1,office,10,5980,0.0005025252758059651,0.0005000000237487257,0.32216086983680725,0.0,0.0003756281512323767,0.0005000000237487257,0.32216086983680725
1,park,-10,5980,0.016080808825790882,0.12150000780820847,0.23548193275928497,0.003000000026077032,0.012531407177448273,0.09637437760829926,0.22370392084121704
1,park,-5,5980,0.007537878816947341,0.04399999976158142,0.27393606305122375,0.0,0.004511306528002024,0.04399999976158142,0.2514384686946869
1,park,0,5980,0.0020101011032238603,0.007000000216066837,0.27578192949295044,0.0,0.0010025125811807811,0.007000000216066837,0.2625356912612915
1,park,5,5980,0.0005025252758059651,0.0005000000237487257,0.2943536639213562,0.0,0.0005012562905903906,0.0005000000237487257,0.2913137376308441
1,park,10,5980,0.0005025252758059651,0.0005000000237487257,0.3456178307533264,0.0,0.0003756281512323767,0.0005000000237487257,0.3456178307533264
1,traffic,-10,5980,0.006030302960425615,0.07100000232458115,0.25522345304489136,0.0005000000237487257,0.005012562731280923,0.05337437242269516,0.24636714160442352
1,traffic,-5,5980,0.0040202022064477205,0.007499999832361937,0.27178168296813965,0.0,0.0035087940050289035,0.007499999832361937,0.25848472118377686
1,traffic,0,5980,0.0005025252758059651,0.017999999225139618,0.3161073923110962,0.0,0.0005012562905903906,0.017999999225139618,0.31604379415512085
1,traffic,5,5980,0.0005025252758059651,0.0005000000237487257,0.3397437036037445,0.0,0.0003756281512323767,0.0005000000237487257,0.3397437036037445
1,traffic,10,5980,0.0,0.0,0.3714003562927246,0.0,0.0,0.0,0.3714003562927246
2,clean,,5980,0.0005025252758059651,0.0005000000237487257,0.37897419929504395,0.0,0.0005012562905903906,0.0005000000237487257,0.3559964895248413
2,cafeteria,-10,5980,0.03140656650066376,0.3530000150203705,0.20969802141189575,0.007000000216066837,0.02406030148267746,0.30449751019477844,0.19502250850200653
2,cafeteria,-5,5980,0.008040404412895441,0.0860000029206276,0.2518499493598938,0.0,0.005012562731280923,0.060874368995428085,0.23875097930431366
2,cafeteria,0,5980,0.0015075757401064038,0.014999999664723873,0.2662629783153534,0.0,0.0010025125811807811,0.014999999664723873,0.265186071395874
2,cafeteria,5,5980,0.0005025252758059651,0.0010000000474974513,0.34243762493133545,0.0,0.0003756281512323767,0.0010000000474974513,0.34243762493133545
2,cafeteria,10,5980,0.0005025252758059651,0.001500000013038516,0.3329049348831177,0.0,0.0005012562905903906,0.001500000013038516,0.31906476616859436
2,metro,-10,5980,0.02211111132055521,0.1599999964237213,0.22917822003364563,0.004000000189989805,0.018045226112008095,0.1599999964237213,0.2156825065612793
2,metro,-5,5980,0.010050504934042692,0.05550000071525574,0.2534526288509369,0.0010000000474974513,0.008020100649446249,0.05550000071525574,0.2362370491027832
2,metro,0,5980,0.002512626233510673,0.010499999858438969,0.2925104796886444,0.0,0.0015037688426673412,0.010499999858438969,0.28388166427612305
2,metro,5,5980,0.0005025252758059651,0.0024999999441206455,0.3701353967189789,0.0,0.0003756281512323767,0.0024999999441206455,0.3701353967189789
2,metro,10,5980,0.0005025252758059651,0.0005000000237487257,0.34600046277046204,0.0,0.0005012562905903906,0.0005000000237487257,0.3272596597671509
2,office,-10,5980,0.00452272710390389,0.04899999499320984,0.25812241435050964,0.001500000013038516,0.0035087940050289035,0.045874372124671936,0.24636685848236084
2,office,-5,5980,0.0020101011032238603,0.010999999940395355,0.2746879458427429,0.0,0.0015037688426673412,0.010999999940395355,0.2610757052898407
2,office,0,5980,0.0005025252758059651,0.003000000026077032,0.3020104765892029,0.0,0.0005012562905903906,0.003000000026077032,0.29341593384742737
2,office,5,5980,0.0010050505516119301,0.001500000013038516,0.35186734795570374,0.0,0.0005012562905903906,0.001500000013038516,0.3389567732810974
2,office,10,5980,0.0005025252758059651,0.0005000000237487257,0.345963716506958,0.0,0.0005012562905903906,0.0005000000237487257,0.32886263728141785
2,park,-10,5980,0.01658333372324705,0.17250001430511475,0.23996639251708984,0.001500000013038516,0.013533919584006071,0.14737437665462494,0.22388345003128052
2,park,-5,5980,0.006532828323543072,0.03400000184774399,0.2685205936431885,0.0,0.005388190969824791,0.03400000184774399,0.251034677028656
2,park,0,5980,0.0020101011032238603,0.01899999938905239,0.29338395595550537,0.0,0.0020050251623615623,0.01899999938905239,0.2825784981250763
2,park,5,5980,0.0010050505516119301,0.0024999999441206455,0.300165593624115,0.0,0.0008768844418227673,0.0024999999441206455,0.2901418209075928
2,park,10,5980,0.0005025252758059651,0.001500000013038516,0.33530521392822266,0.0,0.0003756281512323767,0.001500000013038516,0.33530521392822266
2,traffic,-10,5980,0.010050504934042692,0.08950001001358032,0.25371888279914856,0.0010000000474974513,0.007017588010057807,0.06437437236309052,0.23859941959381104
2,traffic,-5,5980,0.003517676843330264,0.027499999850988388,0.2868419289588928,0.0,0.0023806532844901085,0.027499999850988388,0.27148982882499695
2,traffic,0,5980,0.0015075757401064038,0.007000000216066837,0.2994939684867859,0.0,0.0015037688426673412,0.007000000216066837,0.28993767499923706
2,traffic,5,5980,0.0010050505516119301,0.0020000000949949026,0.3235657215118408,0.0,0.0008768844418227673,0.0020000000949949026,0.3221000134944916
2,traffic,10,5980,0.0005025252758059651,0.0005000000237487257,0.32927483320236206,0.0,0.0003756281512323767,0.0005000000237487257,0.32927483320236206
3,clean,,5980,0.0005025252758059651,0.0005000000237487257,0.3647882044315338,0.0,0.0005012562905903906,0.0005000000237487257,0.3646411597728729
3,cafeteria,-10,5980,0.04145707003772259,0.3460000157356262,0.19905802607536316,0.012500000186264515,0.03596482425928116,0.3081231415271759,0.1848132312297821
3,cafeteria,-5,5980,0.01758838351815939,0.15399999916553497,0.2195080816745758,0.003000000026077032,0.015413316432386637,0.14712312817573547,0.20903967320919037
3,cafeteria,0,5980,0.002512626233510673,0.015499998815357685,0.2662709951400757,0.0005000000237487257,0.0020050251623615623,0.015499998815357685,0.25275108218193054
3,cafeteria,5,5980,0.0015075757401064038,0.006000000052154064,0.29849594831466675,0.0,0.0008768844418227673,0.006000000052154064,0.29301390051841736
3,cafeteria,10,5980,0.0015075757401064038,0.0024999999441206455,0.3142361044883728,0.0,0.0010025125811807811,0.0024999999441206455,0.2943531274795532
3,metro,-10,5980,0.03492424264550209,0.242000013589859,0.21608459949493408,0.010499999858438969,0.02994974795728922,0.23924873769283295,0.20900556445121765
3,metro,-5,5980,0.01708585862070322,0.04749999940395355,0.22617463767528534,0.003000000026077032,0.015037688426673412,0.04749999940395355,0.21217961609363556
3,metro,0,5980,0.003517676843330264,0.029000001028180122,0.27217599749565125,0.0,0.0025062813656404614,0.029000001028180122,0.26254934072494507
3,metro,5,5980,0.0020101011032238603,0.009499999694526196,0.3202313184738159,0.0,0.0015037688426673412,0.009499999694526196,0.30469217896461487
3,metro,10,5980,0.0015075757401064038,0.008999999612569809,0.332938551902771,0.0,0.0010025125811807811,0.008999999612569809,0.3083891272544861
3,office,-10,5980,0.011558081023395061,0.03849999979138374,0.2259700447320938,0.005499999970197678,0.010526381898671389,0.03849999979138374,0.21949231624603271
3,office,-5,5980,0.0030151514802128077,0.00800000037997961,0.24557267129421234,0.001500000013038516,0.0030075376853346825,0.00800000037997961,0.23890280723571777
3,office,0,5980,0.0020101011032238603,0.004000000189989805,0.2848309576511383,0.0,0.0010025125811807811,0.004000000189989805,0.280287504196167
3,office,5,5980,0.0010050505516119301,0.007000000216066837,0.2986401617527008,0.0,0.0005012562905903906,0.007000000216066837,0.29722654819488525
3,office,10,5980,0.0005025252758059651,0.003000000026077032,0.3144913613796234,0.0,0.0003756281512323767,0.003000000026077032,0.3144913613796234
3,park,-10,5980,0.01658333372324705,0.09300000220537186,0.23339945077896118,0.005499999970197678,0.01453643199056387,0.09300000220537186,0.2246391922235489
3,park,-5,5980,0.00854292931035161,0.039000000804662704,0.24407313764095306,0.0024999999441206455,0.007393216015771031,0.039000000804662704,0.23478654026985168
3,park,0,5980,0.00452272710390389,0.011500000022351742,0.2559608817100525,0.001500000013038516,0.0040100503247231245,0.011500000022351742,0.2487482726573944
3,park,5,5980,0.0010050505516119301,0.003000000026077032,0.2796803116798401,0.0,0.0010025125811807811,0.003000000026077032,0.27377811074256897
3,park,10,5980,0.0005025252758059651,0.0020000000949949026,0.3095235526561737,0.0,0.0005012562905903906,0.0020000000949949026,0.30920806527137756
3,traffic,-10,5980,0.014070707373321056,0.07349999994039536,0.24338966608047485,0.0020000000949949026,0.01203015074133873,0.07349999994039536,0.22412452101707458
3,traffic,-5,5980,0.0055277778301388025,0.014500000514090061,0.26072344183921814,0.0,0.005012562731280923,0.014500000514090061,0.2418372929096222
3,traffic,0,5980,0.0015075757401064038,0.010499999858438969,0.27982911467552185,0.0,0.0015037688426673412,0.010499999858438969,0.25643932819366455
3,traffic,5,5980,0.0015075757401064038,0.0035000001080334187,0.30264925956726074,0.0,0.0010025125811807811,0.0035000001080334187,0.28278088569641113
3,traffic,10,5980,0.0015075757401064038,0.007000000216066837,0.32988929748535156,0.0,0.0013781407033093274,0.007000000216066837,0.3026854991912842
4,clean,,5980,0.0,0.0,0.3756185472011566,0.0,0.0,0.0,0.3756185472011566
4,cafeteria,-10,5980,0.05402020364999771,0.5110000371932983,0.1829632669687271,0.020500000566244125,0.04498743824660778,0.41237184405326843,0.17188110947608948
4,cafeteria,-5,5980,0.021106060594320297,0.1340000033378601,0.21351994574069977,0.003000000026077032,0.01791959721595049,0.1340000033378601,0.19726026058197021
4,cafeteria,0,5980,0.0030151514802128077,0.01600000075995922,0.2478189915418625,0.0005000000237487257,0.0025062813656404614,0.01600000075995922,0.24059757590293884
4,cafeteria,5,5980,0.002512626233510673,0.011500000022351742,0.2721042335033417,0.0005000000237487257,0.0025062813656404614,0.011500000022351742,0.2656690776348114
4,cafeteria,10,5980,0.0,0.0,0.32857435941696167,0.0,0.0,0.0,0.32857435941696167
4,metro,-10,5980,0.037939393892884254,0.3395000100135803,0.2065705955028534,0.013500000350177288,0.03145351819694042,0.2641231417655945,0.19685551524162292
4,metro,-5,5980,0.01708585862070322,0.1655000001192093,0.21432416141033173,0.0044999998062849045,0.014035176020115614,0.11524874716997147,0.20518125593662262
4,metro,0,5980,0.0030151514802128077,0.0364999994635582,0.2852715849876404,0.0005000000237487257,0.0020050251623615623,0.0364999994635582,0.2756787836551666
4,metro,5,5980,0.0015075757401064038,0.006000000052154064,0.2947752773761749,0.0005000000237487257,0.0013781407033093274,0.006000000052154064,0.2940579354763031
4,metro,10,5980,0.0005025252758059651,0.0005000000237487257,0.34684276580810547,0.0,0.0003756281512323767,0.0005000000237487257,0.34684276580810547
4,office,-10,5980,0.012563131283968687,0.16750000417232513,0.22671587765216827,0.0035000001080334187,0.009523869026452303,0.11724874377250671,0.2189447283744812
4,office,-5,5980,0.002512626233510673,0.012000000104308128,0.27134692668914795,0.0005000000237487257,0.0020050251623615623,0.012000000104308128,0.2637336552143097
4,office,0,5980,0.002512626233510673,0.014500000514090061,0.28587543964385986,0.0005000000237487257,0.0018793970230035484,0.014500000514090061,0.2731949985027313
4,office,5,5980,0.0005025252758059651,0.0010000000474974513,0.2982563078403473,0.0,0.0005012562905903906,0.0010000000474974513,0.29616421461105347
4,office,10,5980,0.0005025252758059651,0.0005000000237487257,0.35126379132270813,0.0005000000237487257,0.0005012562905903906,0.0005000000237487257,0.35126379132270813
4,park,-10,5980,0.027386363595724106,0.2329999804496765,0.21945376694202423,0.005499999970197678,0.023433417081832886,0.21599748730659485,0.20209158957004547
4,park,-5,5980,0.013065656647086143,0.1459999978542328,0.22869858145713806,0.003000000026077032,0.010526381898671389,0.12512312829494476,0.213693767786026
4,park,0,5980,0.0040202022064477205,0.032999999821186066,0.28031983971595764,0.0005000000237487257,0.0025062813656404614,0.032999999821186066,0.2624567449092865
4,park,5,5980,0.0040202022064477205,0.01250000111758709,0.26070982217788696,0.0010000000474974513,0.0035087940050289035,0.01250000111758709,0.2530396580696106
4,park,10,5980,0.0005025252758059651,0.003000000026077032,0.3323521614074707,0.0,0.0005012562905903906,0.003000000026077032,0.3213353157043457
4,traffic,-10,5980,0.01758838351815939,0.10949999839067459,0.22077015042304993,0.005499999970197678,0.016541456803679466,0.08437436819076538,0.2100505381822586
4,traffic,-5,5980,0.006030302960425615,0.07100000232458115,0.26336464285850525,0.001500000013038516,0.0040100503247231245,0.07100000232458115,0.2519412934780121
4,traffic,0,5980,0.0030151514802128077,0.009999999776482582,0.284655898809433,0.0005000000237487257,0.0023806532844901085,0.009999999776482582,0.2683943808078766
4,traffic,5,5980,0.0015075757401064038,0.0024999999441206455,0.3098958134651184,0.0,0.0010025125811807811,0.0024999999441206455,0.30403581261634827
4,traffic,10,5980,0.0010050505516119301,0.0010000000474974513,0.315593421459198,0.0,0.0005012562905903906,0.0010000000474974513,0.310140460729599
